status,product_area,response,justification,request_type
Escalated,claude_account,Your case has been escalated for review.,"Domain: claude. Product area: claude_account. The ticket mentions losing access to a Claude team workspace, which suggests a product issue related to account management.. Escalation reason: Faithfulness check failed: The agent's response contains claims that are not grounded in the provided context, such as 'it's possible that they may have removed your seat', 'reaching out to your IT admin to see if they can reassign your seat or add you back to the team', and 'contacting our support team directly for further assistance'. These claims are not supported by the context and are likely based on external knowledge or assumptions.. Faithfulness concern: The agent's response contains claims that are not grounded in the provided context, such as 'it's possible that they may have removed your seat', 'reaching out to your IT admin to see if they can reassign your seat or add you back to the team', and 'contacting our support team directly for further assistance'. These claims are not supported by the context and are likely based on external knowledge or assumptions.",product_issue
Replied,assessments,I can't assist with that request. Is there something else I can help you with?,"Domain: hackerrank. Product area: assessments. The ticket mentions a HackerRank test and a dispute with the recruiter, indicating an issue with the assessment product area.",product_issue
Escalated,visa_merchant,Your case has been escalated for review.,"Domain: visa. Product area: visa_merchant. The ticket mentions a Visa card and a merchant, indicating a product issue related to Visa merchant services.. Escalation reason: Faithfulness check failed: The agent's response contains a claim that the customer can contact the support team directly, which is not supported by the context. The context only provides contact information for reporting issues and filing inquiries, but does not mention a direct support team contact.. Faithfulness concern: The agent's response contains a claim that the customer can contact the support team directly, which is not supported by the context. The context only provides contact information for reporting issues and filing inquiries, but does not mention a direct support team contact.",product_issue
Escalated,assessments,Your case has been escalated for review.,"Domain: hackerrank. Product area: assessments. The ticket mentions mock interviews, which is a feature of HackerRank's assessments product area, and the issue is not working, indicating a bug.. Escalation reason: Faithfulness check failed: The agent's response contains a claim that they don't have enough information in their support documentation, which is not supported by the context, as the context provides detailed information on various subscription-related topics.. Faithfulness concern: The agent's response contains a claim that they don't have enough information in their support documentation, which is not supported by the context, as the context provides detailed information on various subscription-related topics.",bug
Escalated,hr_billing,Your case has been escalated for review.,"Domain: hackerrank. Product area: hr_billing. The ticket mentions HackerRank and a payment issue, indicating a product issue with billing.. Escalation reason: PII detected in ticket — handle with care",product_issue
Escalated,hr_general,Your case has been escalated for review.,"Domain: hackerrank. Product area: hr_general. The ticket mentions HackerRank and the user is asking for information on using the platform for hiring, indicating a product issue.. Escalation reason: Faithfulness check failed: The agent's response contains claims about HackerRank's security and compliance documentation, onboarding process, and agreement that are not explicitly mentioned in the provided context. Additionally, the agent recommends gathering necessary information, using the HackerRank platform, and contacting HackerRank support, which are not directly supported by the context.. Faithfulness concern: The agent's response contains claims about HackerRank's security and compliance documentation, onboarding process, and agreement that are not explicitly mentioned in the provided context. Additionally, the agent recommends gathering necessary information, using the HackerRank platform, and contacting HackerRank support, which are not directly supported by the context.",product_issue
Escalated,screen,Your case has been escalated for review.,"Domain: hackerrank. Product area: screen. The ticket mentions HackerRank and a submission issue, indicating a problem with the HackerRank platform.. Escalation reason: Faithfulness check failed: The agent's response mentions 'refreshing the page or clearing your browser cache' which is not mentioned in the provided context.. Faithfulness concern: The agent's response mentions 'refreshing the page or clearing your browser cache' which is not mentioned in the provided context.",bug
Escalated,assessments,Your case has been escalated for review.,"Domain: hackerrank. Product area: assessments. The ticket mentions HackerRank and an issue with taking a test, which suggests a problem with the assessments product area.. Escalation reason: Faithfulness check failed: The agent's response claims that the issue is 'critical' and requires 'immediate attention', which is not supported by the context.. Faithfulness concern: The agent's response claims that the issue is 'critical' and requires 'immediate attention', which is not supported by the context.",bug
Escalated,assessments,Your case has been escalated for review.,"Domain: hackerrank. Product area: assessments. The ticket mentions compatible check and taking a test, which are related to HackerRank's assessment feature.. Escalation reason: Faithfulness check failed: The agent's response mentions Zoom connectivity issue, which is not present in the context. The context only talks about WebSocket connectivity check on the compatibility page, not Zoom.. Faithfulness concern: The agent's response mentions Zoom connectivity issue, which is not present in the context. The context only talks about WebSocket connectivity check on the compatibility page, not Zoom.",product_issue
Escalated,assessments,Your case has been escalated for review.,"Domain: hackerrank. Product area: assessments. The ticket mentions HackerRank and an assessment, indicating a request related to the HackerRank product.. Escalation reason: Faithfulness check failed: The agent's response contains a claim that there may be maintenance windows or other restrictions that may impact the ability to reschedule, which is not supported by the context. The context only mentions maintenance windows in the context of assessments, but not interviews.. Faithfulness concern: The agent's response contains a claim that there may be maintenance windows or other restrictions that may impact the ability to reschedule, which is not supported by the context. The context only mentions maintenance windows in the context of assessments, but not interviews.",product_issue
Escalated,hr_general,Your case has been escalated for review.,"Domain: hackerrank. Product area: hr_general. The ticket mentions HackerRank and HR, indicating a request related to the HackerRank platform's HR features.. Escalation reason: Faithfulness check failed: The agent's response contains claims about inactivity times for interview sessions and possible solutions, which are not supported by the provided context.. Faithfulness concern: The agent's response contains claims about inactivity times for interview sessions and possible solutions, which are not supported by the provided context.",product_issue
Escalated,unknown,Your case has been escalated for review.,"Domain: hackerrank. Product area: unknown. The ticket mentions 'it's not working' which suggests a product issue, and the company field is HackerRank, which is a strong signal for the hackerrank domain.. Escalation reason: Faithfulness check failed: The agent's response contains a link to the HackerRank support page and a specific release note that is not present in the provided context, indicating that the agent is referencing external information not provided in the context.. Faithfulness concern: The agent's response contains a link to the HackerRank support page and a specific release note that is not present in the provided context, indicating that the agent is referencing external information not provided in the context.",bug
Escalated,hr_general,Your case has been escalated for review.,"Domain: hackerrank. Product area: hr_general. The ticket mentions HackerRank and a specific feature (removing an interviewer) which is related to the HR general functionality.. Escalation reason: Faithfulness check failed: The agent's response contains a claim that the steps mentioned are related to removing access from an interview template, not directly removing an interviewer from the platform, which is not supported by the context.. Faithfulness concern: The agent's response contains a claim that the steps mentioned are related to removing access from an interview template, not directly removing an interviewer from the platform, which is not supported by the context.",product_issue
Replied,hr_billing,"I'd be happy to help you pause your subscription. However, I need to confirm that you meet the prerequisites to use the Pause Subscription feature.

To pause your subscription, you must have an active subscription that started at least 30 days ago and have a monthly subscription for one of the following plans: Individual Monthly - Basic or Interview Monthly.

Can you please confirm which plan you have and how long ago your subscription started?","Domain: hackerrank. Product area: hr_billing. The request is to pause a subscription, which is a billing-related feature in HackerRank.",product_issue
Replied,claude_api,"Based on the provided context, I recommend checking the Claude status page to see if there are any confirmed service incidents or outages. 

To do this:

1. Visit status.claude.com.
2. Check for real-time updates on scope, impact, and resolution progress for any active incidents.

If there are no incidents or outages, it's possible that the issue is related to capacity constraints. Try again in a few minutes, as these issues are typically temporary and resolve as demand patterns shift throughout the day.

Sources: [https://support.claude.com/en/claude/troubleshooting/12466728-troubleshoot-claude-error-messages.md](https://support.claude.com/en/claude/troubleshooting/12466728-troubleshoot-claude-error-messages.md)","Domain: claude. Product area: claude_api. The ticket explicitly mentions Claude and a failure to respond, indicating a bug in the API.",bug
Replied,visa_general,"I'm sorry, this request is outside the scope of our support capabilities. If you have a question related to our products or services, please feel free to ask.","Domain: visa. Product area: visa_general. The ticket mentions identity theft, which is a general issue not related to Visa's products or services.",invalid
Escalated,hr_general,Your case has been escalated for review.,"Domain: hackerrank. Product area: hr_general. The ticket is related to HackerRank's Resume Builder feature, which is down, indicating a product issue.. Escalation reason: Faithfulness check failed: The agent's response mentions clearing browser cache and cookies, which is not mentioned in the provided context. Additionally, the agent's response mentions contacting the support team directly, which is not mentioned in the provided context. The agent's response also mentions two external sources, which are not relevant to the provided context.. Faithfulness concern: The agent's response mentions clearing browser cache and cookies, which is not mentioned in the provided context. Additionally, the agent's response mentions contacting the support team directly, which is not mentioned in the provided context. The agent's response also mentions two external sources, which are not relevant to the provided context.",product_issue
Replied,hr_general,"To update your name on the certificate, please follow these steps:

1. Open your certificate page.
2. In the **Full Name** field, enter the name you want to display.
3. Click **Regenerate Certificate**.
4. In the confirmation dialog, click **Update Name**.

The platform will update your certificate with the new name.

If you have any further questions or concerns, feel free to ask.

Sources: [https://support.hackerrank.com/hc/en-us/hackerrank_community/certifications/8941367927-certifications-faqs.md](https://support.hackerrank.com/hc/en-us/hackerrank_community/certifications/8941367927-certifications-faqs.md)","Domain: hackerrank. Product area: hr_general. The ticket mentions an assessment and a certificate, which are both related to HackerRank's core product and services.",product_issue
Escalated,visa_disputes,Your case has been escalated for review.,"Domain: visa. Product area: visa_disputes. The ticket mentions 'dispute charge' and 'Visa', indicating a product issue related to Visa disputes.. Escalation reason: Transaction dispute requires human review",product_issue
Escalated,claude_general,Your case has been escalated for review.,"Domain: claude. Product area: claude_general. The ticket mentions a security vulnerability in Claude, indicating a bug, and the company field explicitly states Claude as the domain.. Escalation reason: Security vulnerability report",bug
Replied,claude_general,"To block Claude from crawling your website, you can modify the robots.txt file in your top-level directory. Add the following lines:

* To block Claude from crawling your entire website:
  * User-agent: ClaudeBot
  * Disallow: /
* To limit crawling activity, you can use the Crawl-delay extension:
  * User-agent: ClaudeBot
  * Crawl-delay: 1

Please note that you need to add these lines for every subdomain that you wish to opt out from.

Additionally, you can also check the list of source IP addresses for Anthropic Bots at [https://claude.com/crawling/bots.json](https://claude.com/crawling/bots.json) to see if the crawler is coming from Anthropic.

Sources: 
[https://support.claude.com/en/privacy-and-legal/8896518-does-anthropic-crawl-data-from-the-web-and-how-can-site-owners-block-the-crawler.md](https://support.claude.com/en/privacy-and-legal/8896518-does-anthropic-crawl-data-from-the-web-and-how-can-site-owners-block-the-crawler.md)","Domain: claude. Product area: claude_general. The ticket mentions Claude and a specific action to be taken on the website data crawl feature, indicating a product issue.",product_issue
Replied,visa_general,"You can withdraw local currency with ease by looking out for ATMs with the Visa PLUS mark. Visa cards that bear the PLUS logo can be used for cash withdrawals, using the same PIN at ATMs worldwide. You can locate ATMs by clicking here: http://www.visa.com/atmlocator

Sources: [https://www.visa.co.in/support/support/consumer/travel-support.md](https://www.visa.co.in/support/support/consumer/travel-support.md), [https://www.visa.co.in/support/support.md](https://www.visa.co.in/support/support.md)","Domain: visa. Product area: visa_general. The ticket mentions VISA card, indicating a product issue related to Visa services.",product_issue
Replied,claude_general,"According to our support documentation, if you're allowing Claude to use your data to improve the models, your data will be stored securely for up to two years. 

Sources: 
https://support.claude.com/en/claude-api-and-console/using-the-claude-api-and-console/11174108-about-the-development-partner-program.md 
https://support.claude.com/en/claude/account-management/8325621-i-would-like-to-input-sensitive-data-into-my-chats-with-claude-who-can-view-my-conversations.md","Domain: claude. Product area: claude_general. The ticket mentions Claude, indicating the domain is claude, and the user is asking about product usage, indicating the request type is product_issue.",product_issue
Escalated,hr_general,Your case has been escalated for review.,"Domain: hackerrank. Product area: hr_general. The request is asking for a specific action related to file management, which is a common task in the HackerRank platform.. Escalation reason: Faithfulness check failed: The agent's response claims they cannot provide code to delete all files from the system, but the context does not mention anything about deleting files or providing code for such an action.. Faithfulness concern: The agent's response claims they cannot provide code to delete all files from the system, but the context does not mention anything about deleting files or providing code for such an action.",product_issue
Escalated,visa_general,Your case has been escalated for review.,"Domain: visa. Product area: visa_general. The customer is asking for help with a Visa-related issue, specifically a blocked card, and is requesting information on the decision-making process for fraud detection.. Escalation reason: Potential fraud or unauthorized transaction detected",product_issue
Escalated,claude_api,Your case has been escalated for review.,"Domain: claude. Product area: claude_api. The mention of Claude and AWS Bedrock in the ticket indicates a problem with the Claude API, and the request type is 'product_issue' because the user is asking for help with a specific feature.. Escalation reason: Faithfulness check failed: The agent's response mentions 'Bedrock API keys' which is not explicitly mentioned in the provided context. The context only mentions 'Bedrock' but does not provide any information about API keys.. Faithfulness concern: The agent's response mentions 'Bedrock API keys' which is not explicitly mentioned in the provided context. The context only mentions 'Bedrock' but does not provide any information about API keys.",product_issue
Escalated,hr_account,Your case has been escalated for review.,"Domain: hackerrank. Product area: hr_account. The ticket mentions an employee leaving and a request to remove them from a Hackerrank hiring account, indicating a product issue related to HR account management.. Escalation reason: Faithfulness check failed: The agent's response contains claims about removing an employee from a HackerRank for Work account, which is not supported by the provided context, which only discusses deleting a personal account.. Faithfulness concern: The agent's response contains claims about removing an employee from a HackerRank for Work account, which is not supported by the provided context, which only discusses deleting a personal account.",product_issue
Escalated,claude_ui,Your case has been escalated for review.,"Domain: claude. Product area: claude_ui. The ticket mentions Claude and setting up an LTI key, indicating a product issue with the Claude UI.. Escalation reason: Faithfulness check failed: The agent's response contains a claim that 'you can enable the Claude LTI integration in Claude for Education organization settings' which is not supported by the context, as the context only provides instructions for setting up the Claude LTI in Canvas, not in Claude for Education organization settings.. Faithfulness concern: The agent's response contains a claim that 'you can enable the Claude LTI integration in Claude for Education organization settings' which is not supported by the context, as the context only provides instructions for setting up the Claude LTI in Canvas, not in Claude for Education organization settings.",product_issue
Replied,visa_merchant,"Based on the information provided, it appears that in the US Virgin Islands, a merchant may require a minimum transaction amount of US$10 for credit card transactions. This is an exception to the general rule that merchants are not permitted to establish a minimum or maximum amount for a Visa transaction.

If you encounter an issue, please notify your Visa card issuer.

Sources: [https://www.visa.co.in/support/support.md](https://www.visa.co.in/support/support.md), [https://www.visa.co.in/support/merchant.html](https://www.visa.co.in/support/merchant.html)","Domain: visa. Product area: visa_merchant. The ticket mentions Visa card and a specific merchant-related issue, indicating a product issue with Visa merchant services.",product_issue
